6900,公司企业网站建设官网响应式营销型网站定制开发制作设计商城改版,广州,万户网络-20家实体公司-20年老牌-5万家案例
3000,企业官网公司网站建设H5网页设计制作前端开发响应式定制建站,淄博,创世网络网站建设
1899,公司官网企业网站建设计响应式网页定制开发制作商城电商后端页面,淄博,云淞网络
3500,响应式营销型门户企业电商城官网站手机建设前后端定制作开发设计,哈尔滨,圣融科技有限公司
1000,网站建设公司官网企业网站制作，PHP网站开发网站设计定制开发,淄博,文纳网络科技
3000,企业官网公司网站建设H5网页设计制作前端开发响应式定制建站,淄博,创世网络网站建设
1000,网站建设企业网站开发/官网搭建定制前端PHP后台制作模板建站,长沙,莫道网络【品质老店】
1000,网站建设公司官网企业网站制作，PHP网站开发网站设计定制开发,淄博,文纳网络科技
4800,网站前端开发网页官网UI设计页面web界面静态切图html响,南昌,轻妙视觉
3000,IT产品科技网页设计网站制作开发UI电商美工切图详情页面设计,北京,IV视觉
4500,响应式营销型门户企业电商城官网站手机建设前后端定制作开发设计,上海,上海笛量科技-国家高新企业（入驻猪八戒11年
100,网站定制开发网站建设软件开发app开发外包app定制,北京,卓越互动科技
3888,物业租赁网站建设社区管理系统房屋买卖租赁平台后端开发UI设计,滨州,朱尔技术开发-助力企业发展
3280,网站建设企业网站开发网页自适应公司官网站设计定制手机商城网站,南昌,网帆科技【12年互联网品牌】
2980,网站建设企业官网H5响应式手机商城外贸后台系统软件定制开发,合肥,科威鲸网络-国家高企 12年实体品牌
2999,企业网站建设定制开发建站后端制作手机商城门户公司网页设计官网,合肥,久鑫网络/久久网络-国家高企 13年老店
2999,房产网站定制开发设计租房销售在线中介公司租赁系统源码管理,滨州,朱尔技术开发-助力企业发展
4980,网站建设响应式企业品牌门户官网H5手机移动端网页设计定制开发,上海,页溪软件-双软认证企业
100,企业官网电商定制开发设计模板营销外贸盲盒前端响应式品牌营销,滨州,朱尔技术开发-助力企业发展
3000,企业建网站建设定制后端开发制作门户商城公司搭建网页设计官网,西安,冰雪网络10年品牌老店
1888,健身中心管理系统共享武术场馆预约APP定制开发设计游泳馆,滨州,朱尔技术开发-助力企业发展
1899,公司官网企业网站建设计响应式网页定制开发制作商城电商后端页面,淄博,云淞网络
1.29万,跨境电商网站开发商城建设php二次开发java开发移动开发,上海,上海闻峥-国家高新企业-八戒优质服务商5强
1000,网站建设企业公司官网微电商城手机教育门户英文外贸定制前端开发,北京,麦秸映像IT开发-微信/小程序/app
1000,网站定制开发/门户网站/企业官网/PHP/Java/模板建站,郑州,"海腾网络【始于2006年,16年专业开发经验】"
8888,电商网站建设网站后端开发Java开发PHP后台PC端手机端,上海,迷古科技-斩获上海市科技成果一等奖
100,企业公司在线网站开发建设建站网页设计web前端多功能升级搭建,滨州,创威科技一把一切想法的写进现实
1588,响应式营销型门户企业电商城官网站手机建设前后端定制作开发设计,合肥,千界科技-国家高企双软企业
5000,专注Shopify外贸电独立站网站模板开发/修改/定制/装修,重庆,风格网络科技公司
3500,响应式营销型门户企业电商城官网站手机建设前后端定制作开发设计,哈尔滨,圣融科技有限公司
